Workbook

Sheet Explanation
A1: This file provides data for LCA and SoSOS that are used in the WISE app. | C1: Source
A2: A description of each sheet is available here:
A4: LCA | B4: LCA data for onshore wind and PV. | C4: order of magnitude
A5: SoSOS | B5: Carrying capacities and absolute SoSOS calculated with different allocation methods.
A6: Grandfathering | B6: allocation based on current level of emissions | C6: Balanza et al. (2025) | D6: 10.1088/1748-9326/ade26b
A7: EPC_GVA | B7: allocation based on equalitarian principles and consumer preference | C7: Balanza et al. (2025) | D7: 10.1088/1748-9326/ade26b
A8: DLS | B8: allocation based on equalitarian principle and Decent Living Standards | C8: Schlesier et al. (2024) | D8: 10.1016/j.jclepro.2024.141447

Sheet Balanza2025
A1: Impact category | B1: Unit | C1: Correspondence Cairn | D1: Value Electricity and heat sectors Europe, 2019 | E1: Normalization factor EF, Global | F1: SoSOS full Europe | G1: Carrying capacity | H1: SOS GF | I1: SOS EPC_GVA | J1: SOS DLS | K1: Onshore wind | L1: Offshore wind | M1: Solar PV
A2: Climate change | B2: kg CO2 eq | C2: Climate change#Global Warming Potential 100 | D2: 967000000000 | E2: 55500000000000 | F2: =D2/E2 -> 0.017423423 | G2: =6.81*10^12 -> 6810000000000 | H2: =F2*G2 -> 1.1865351e+11 | I2: =EPC_GVA!$B$1*G2 -> 9261600000 | J2: =DLS!$C$2*Balanza2025!G2 -> 37455000000 | K2: 1050000.9 | L2: 860915.9 | M2: 840000
A3: Ozone depletion | B3: kg CFC11 eq | C3: Ozone depletion#Ozone Depletion Potential | D3: 74700 | E3: 333000000 | F3: 0.00020209964 | G3: 593000000 | H3: =F3*G3 -> 119845.09 | I3: =EPC_GVA!$B$1*G3 -> 806480 | J3: =DLS!$C$2*Balanza2025!G3 -> 3261500 | K3: 0.0790831 | L3: 0.0452516 | M3: 0.0431
A4: Particulate matter | B4: Disease inc. | C4: Particulate matter-Respiratory inorganics#Human health effects associated with exposure to PM | D4: 16200 | E4: 4110000 | F4: =D4/E4 -> 0.0039416058 | G4: 516000 | H4: =F4*G4 -> 2033.8686 | I4: =EPC_GVA!$B$1*G4 -> 701.76 | J4: =DLS!$C$2*Balanza2025!G4 -> 2838 | K4: 0.11399151 | L4: 0.070691625 | M4: 0.0626
A5: Acidification | B5: mol H+eq | C5: Acidification#Accumulated Exceedance | D5: 2810000000 | E5: 383000000000 | F5: =D5/E5 -> 0.0073368146 | G5: 1000000000000 | H5: =F5*G5 -> 7.3368146e+09 | I5: =EPC_GVA!$B$1*G5 -> 1360000000 | J5: =DLS!$C$2*Balanza2025!G5 -> 5.5e+09 | K5: 12277.126 | L5: 5407.5985 | M5: 5390
A6: Eutrophication, freshwater | B6: kg Peq | C6: Eutrophication-Aquatic freshwater#Fraction of nutrients reaching freshwater and compartment | D6: 313000000 | E6: 11100000000 | F6: =D6/E6 -> 0.028198198 | G6: 5810000000 | H6: =F6*G6 -> 1.6383153e+08 | I6: =EPC_GVA!$B$1*G6 -> 7901600 | J6: =DLS!$C$2*Balanza2025!G6 -> 31955000 | K6: 920 | L6: 348.61687 | M6: 250
A7: Ecotoxicity, freshwater | B7: CTUe | C7: Ecotoxicity freshwater#Comparative Toxic Unit for ecosystems | D7: 14500000000000 | E7: 294000000000000 | F7: =D7/E7 -> 0.049319728 | G7: 131000000000000 | H7: =F7*G7 -> 6.4608844e+12 | I7: =EPC_GVA!$B$1*G7 -> 178160000000 | J7: =DLS!$C$2*Balanza2025!G7 -> 7.205e+11 | K7: 85793316 | L7: 29308514 | M7: 29100000
A8: Land use | B8: Pt | C8: Land use#Soil quality index | D8: 3800000000000 | E8: 7.19e+15 | F8: 0.00067283633 | G8: 5.2e+15 | H8: =F8*G8 -> 3.4987489e+12 | I8: =EPC_GVA!$B$1*G8 -> 7.072e+12 | J8: =DLS!$C$2*Balanza2025!G8 -> 2.86e+13 | K8: 12548670 | L8: 4084435.4 | M8: 25600000
A9: Water use | B9: m3 depriv. | C9: Water use#User Deprivation Potential | D9: 130000000000 | E9: 78900000000000 | F9: =D9/E9 -> 0.0016476553 | G9: 182000000000000 | H9: =F9*G9 -> 2.9987326e+11 | I9: =EPC_GVA!$B$1*G9 -> 2.4752e+11 | J9: =DLS!$C$2*Balanza2025!G9 -> 1.001e+12 | K9: 496397.6 | L9: 450060.15 | M9: 246000
A10: Resource use, minerals and metals | B10: kg Sbeq | C10: Resource use-Minerals and metals#Abiotic Resource Depletion | D10: 3860000 | E10: 439000000 | F10: =D10/E10 -> 0.0087927107 | G10: 219000000 | H10: =F10*G10 -> 1925603.6 | I10: =EPC_GVA!$B$1*G10 -> 297840 | J10: =DLS!$C$2*Balanza2025!G10 -> 1204500 | K10: 212.18075 | L10: 47.693097 | M10: 96.2

Sheet LCA
A1: Impact category | B1: Unit | C1: Correspondence Cairn | D1: Onshore wind | E1: Solar PV
A2: Climate change | B2: kg CO2 eq | C2: Climate change#Global Warming Potential 100 | D2: 1000000 | E2: 850000
A3: Eutrophication, freshwater | B3: kg Peq | C3: Eutrophication-Aquatic freshwater#Fraction of nutrients reaching freshwater and compartment | D3: 920 | E3: 250

Sheet SoSOS
A1: Impact category | B1: Unit | C1: Correspondence Cairn | D1: Value Electricity and heat sectors Europe, 2019 | E1: Normalization factor EF, Global | F1: SoSOS full Europe | G1: Carrying capacity | H1: SOS GF | I1: SOS EPC_GVA | J1: SOS DLS
A2: Climate change | B2: kg CO2 eq | C2: Climate change#Global Warming Potential 100 | D2: 967000000000 | E2: 55500000000000 | F2: =D2/E2 -> 0.017423423 | G2: =6.81*10^12 -> 6810000000000 | H2: =F2*G2 -> 1.1865351e+11 | I2: =EPC_GVA!$B$1*G2 -> 9261600000 | J2: =DLS!$C$2*Balanza2025!G2 -> 37455000000
A3: Eutrophication, freshwater | B3: kg Peq | C3: Eutrophication-Aquatic freshwater#Fraction of nutrients reaching freshwater and compartment | D3: 313000000 | E3: 11100000000 | F3: =D3/E3 -> 0.028198198 | G3: 5810000000 | H3: =F3*G3 -> 1.6383153e+08 | I3: =EPC_GVA!$B$1*G3 -> 7901600 | J3: =DLS!$C$2*Balanza2025!G6 -> 31955000
A5: Data from Théo Balanza et al. (2025) Environ. Res. Lett. 20 074050

Sheet GF_Balanza_2025
A1: Impact category | B1: Unit | C1: Value Electricity and heat sectors Europe, 2019 | D1: Normalization factor EF, Global | E1: SoSOS full Europe
A2: Climate change | B2: kg CO2 eq | C2: 967000000000 | D2: 55500000000000 | E2: =C2/D2 -> 0.017423423
A3: Ozone depletion | B3: kg CFC11 eq | C3: 74700 | D3: 333000000 | E3: 0.00020209964
A4: Particulate matter | B4: Disease inc. | C4: 16200 | D4: 4110000 | E4: =C4/D4 -> 0.0039416058
A5: Acidification | B5: mol H+eq | C5: 2810000000 | D5: 383000000000 | E5: =C5/D5 -> 0.0073368146
A6: Eutrophication, freshwater | B6: kg P eq | C6: 313000000 | D6: 11100000000 | E6: =C6/D6 -> 0.028198198
A7: Ecotoxicity, freshwater | B7: CTUe | C7: 14500000000000 | D7: 294000000000000 | E7: =C7/D7 -> 0.049319728
A8: Land use | B8: Pt | C8: 3800000000000 | D8: 7.19e+15 | E8: 0.00067283633
A9: Water use | B9: m3 depriv. | C9: 130000000000 | D9: 78900000000000 | E9: =C9/D9 -> 0.0016476553
A10: Resource use, minerals and metals | B10: kg Sbeq | C10: 3860000 | D10: 439000000 | E10: =C10/D10 -> 0.0087927107

Sheet EPC_GVA
A1: EPC_GVA | B1: 0.00136

Sheet DLS
A1: European population | B1: DLS attribution to energy | C1: SOS EU
A2: 0.055 | B2: 0.1 | C2: =A2*B2 -> 0.0055
